PLPro;>PLpro_SARS-CoV-2
;EVRTIKVFTTVDNINLHTQVVDMSMTYGQQFGPTYLDGADVTKIKPHNSHEGKTFYVLPNDDTLRVEAFE
;YYHTTDPSFLGRYMSALNHTKKWKYPQVNGLTSIKWADNNCYLATALLTLQQIELKFNPPALQDAYYRAR
;AGEAANFCALILAYCNKTVGELGDVRETMSYLFQHANLDSCKRVLNVVCKTCGQQQTTLKGVEAVMYMGT
;LSYEQFKKGVQIPCTCGKQATKYLVQQESPFVMMSAPPAQYELKHGTFTCASEYTGNYQCGHYKHITSKE
;TLYCIDGALLTKSSEYKGPITDVFYKENSYTTTIK
;
RDRP;>YP_009725307.1 RNA-dependent RNA polymerase [Severe acute respiratory syndrome coronavirus 2]
;SADAQSFLNRVCGVSAARLTPCGTGTSTDVVYRAFDIYNDKVAGFAKFLKTNCCRFQEKDEDDNLIDSYF
;VVKRHTFSNYQHEETIYNLLKDCPAVAKHDFFKFRIDGDMVPHISRQRLTKYTMADLVYALRHFDEGNCD
;TLKEILVTYNCCDDDYFNKKDWYDFVENPDILRVYANLGERVRQALLKTVQFCDAMRNAGIVGVLTLDNQ
;DLNGNWYDFGDFIQTTPGSGVPVVDSYYSLLMPILTLTRALTAESHVDTDLTKPYIKWDLLKYDFTEERL
;KLFDRYFKYWDQTYHPNCVNCLDDRCILHCANFNVLFSTVFPPTSFGPLVRKIFVDGVPFVVSTGYHFRE
;LGVVHNQDVNLHSSRLSFKELLVYAADPAMHAASGNLLLDKRTTCFSVAALTNNVAFQTVKPGNFNKDFY
;DFAVSKGFFKEGSSVELKHFFFAQDGNAAISDYDYYRYNLPTMCDIRQLLFVVEVVDKYFDCYDGGCINA
;NQVIVNNLDKSAGFPFNKWGKARLYYDSMSYEDQDALFAYTKRNVIPTITQMNLKYAISAKNRARTVAGV
;SICSTMTNRQFHQKLLKSIAATRGATVVIGTSKFYGGWHNMLKTVYSDVENPHLMGWDYPKCDRAMPNML
;RIMASLVLARKHTTCCSLSHRFYRLANECAQVLSEMVMCGGSLYVKPGGTSSGDATTAYANSVFNICQAV
;TANVNALLSTDGNKIADKYVRNLQHRLYECLYRNRDVDTDFVNEFYAYLRKHFSMMILSDDAVVCFNSTY
;ASQGLVASIKNFKSVLYYQNNVFMSEAKCWTETDLTKGPHEFCSQHTMLVKQGDDYVYLPYPDPSRILGA
;GCFVDDIVKTDGTLMIERFVSLAIDAYPLTKHPNQEYADVFHLYLQYIRKLHDELTGHMLDMYSVMLTND
;NTSRYWEPEFYEAMYTPHTVLQ
;
SPIKE;>6LZG:A|PDBID|CHAIN|SEQUENCE
;STIEEQAKTFLDKFNHEAEDLFYQSSLASWNYNTNITEENVQNMNNAGDKWSAFLKEQSTLAQMYPLQEIQNLTVKLQLQ
;ALQQNGSSVLSEDKSKRLNTILNTMSTIYSTGKVCNPDNPQECLLLEPGLNEIMANSLDYNERLWAWESWRSEVGKQLRP
;LYEEYVVLKNEMARANHYEDYGDYWRGDYEVNGVDGYDYSRGQLIEDVEHTFEEIKPLYEHLHAYVRAKLMNAYPSYISP
;IGCLPAHLLGDMWGRFWTNLYSLTVPFGQKPNIDVTDAMVDQAWDAQRIFKEAEKFFVSVGLPNMTQGFWENSMLTDPGN
;VQKAVCHPTAWDLGKGDFRILMCTKVTMDDFLTAHHEMGHIQYDMAYAAQPFLLRNGANEGFHEAVGEIMSLSAATPKHL
;KSIGLLSPDFQEDNETEINFLLKQALTIVGTLPFTYMLEKWRWMVFKGEIPKDQWMKKWWEMKREIVGVVEPVPHDETYC
;DPASLFHVSNDYSFIRYYTRTLYQFQFQEALCQAAKHEGPLHKCDISNSTEAGQKLFNMLRLGKSEPWTLALENVVGAKN
;MNVRPLLNYFEPLFTWLKDQNKNSFVGWSTDWSPYAD
;>6M0J:A|PDBID|CHAIN|SEQUENCE
;STIEEQAKTFLDKFNHEAEDLFYQSSLASWNYNTNITEENVQNMNNAGDKWSAFLKEQSTLAQMYPLQEIQNLTVKLQLQ
;ALQQNGSSVLSEDKSKRLNTILNTMSTIYSTGKVCNPDNPQECLLLEPGLNEIMANSLDYNERLWAWESWRSEVGKQLRP
;LYEEYVVLKNEMARANHYEDYGDYWRGDYEVNGVDGYDYSRGQLIEDVEHTFEEIKPLYEHLHAYVRAKLMNAYPSYISP
;IGCLPAHLLGDMWGRFWTNLYSLTVPFGQKPNIDVTDAMVDQAWDAQRIFKEAEKFFVSVGLPNMTQGFWENSMLTDPGN
;VQKAVCHPTAWDLGKGDFRILMCTKVTMDDFLTAHHEMGHIQYDMAYAAQPFLLRNGANEGFHEAVGEIMSLSAATPKHL
;KSIGLLSPDFQEDNETEINFLLKQALTIVGTLPFTYMLEKWRWMVFKGEIPKDQWMKKWWEMKREIVGVVEPVPHDETYC
;DPASLFHVSNDYSFIRYYTRTLYQFQFQEALCQAAKHEGPLHKCDISNSTEAGQKLFNMLRLGKSEPWTLALENVVGAKN
;MNVRPLLNYFEPLFTWLKDQNKNSFVGWSTDWSPYADHHHHHH
;>6VSB:A|PDBID|CHAIN|SEQUENCE
;MFVFLVLLPLVSSQCVNLTTRTQLPPAYTNSFTRGVYYPDKVFRSSVLHSTQDLFLPFFSNVTWFHAIHVSGTNGTKRFD
;NPVLPFNDGVYFASTEKSNIIRGWIFGTTLDSKTQSLLIVNNATNVVIKVCEFQFCNDPFLGVYYHKNNKSWMESEFRVY
;SSANNCTFEYVSQPFLMDLEGKQGNFKNLREFVFKNIDGYFKIYSKHTPINLVRDLPQGFSALEPLVDLPIGINITRFQT
;LLALHRSYLTPGDSSSGWTAGAAAYYVGYLQPRTFLLKYNENGTITDAVDCALDPLSETKCTLKSFTVEKGIYQTSNFRV
;QPTESIVRFPNITNLCPFGEVFNATRFASVYAWNRKRISNCVADYSVLYNSASFSTFKCYGVSPTKLNDLCFTNVYADSF
;VIRGDEVRQIAPGQTGKIADYNYKLPDDFTGCVIAWNSNNLDSKVGGNYNYLYRLFRKSNLKPFERDISTEIYQAGSTPC
;NGVEGFNCYFPLQSYGFQPTNGVGYQPYRVVVLSFELLHAPATVCGPKKSTNLVKNKCVNFNFNGLTGTGVLTESNKKFL
;PFQQFGRDIADTTDAVRDPQTLEILDITPCSFGGVSVITPGTNTSNQVAVLYQDVNCTEVPVAIHADQLTPTWRVYSTGS
;NVFQTRAGCLIGAEHVNNSYECDIPIGAGICASYQTQTNSPGSASSVASQSIIAYTMSLGAENSVAYSNNSIAIPTNFTI
;SVTTEILPVSMTKTSVDCTMYICGDSTECSNLLLQYGSFCTQLNRALTGIAVEQDKNTQEVFAQVKQIYKTPPIKDFGGF
;NFSQILPDPSKPSKRSFIEDLLFNKVTLADAGFIKQYGDCLGDIAARDLICAQKFNGLTVLPPLLTDEMIAQYTSALLAG
;TITSGWTFGAGAALQIPFAMQMAYRFNGIGVTQNVLYENQKLIANQFNSAIGKIQDSLSSTASALGKLQDVVNQNAQALN
;TLVKQLSSNFGAISSVLNDILSRLDPPEAEVQIDRLITGRLQSLQTYVTQQLIRAAEIRASANLAATKMSECVLGQSKRV
;DFCGKGYHLMSFPQSAPHGVVFLHVTYVPAQEKNFTTAPAICHDGKAHFPREGVFVSNGTHWFVTQRNFYEPQIITTDNT
;FVSGNCDVVIGIVNNTVYDPLQPELDSFKEELDKYFKNHTSPDVDLGDISGINASVVNIQKEIDRLNEVAKNLNESLIDL
;QELGKYEQGSGYIPEAPRDGQAYVRKDGEWVLLSTFLGRSLEVLFQGPGHHHHHHHHSAWSHPQFEKGGGSGGGGSGGSA
;WSHPQFEK
;>6VXX:A|PDBID|CHAIN|SEQUENCE
;MGILPSPGMPALLSLVSLLSVLLMGCVAETGTQCVNLTTRTQLPPAYTNSFTRGVYYPDKVFRSSVLHSTQDLFLPFFSN
;VTWFHAIHVSGTNGTKRFDNPVLPFNDGVYFASTEKSNIIRGWIFGTTLDSKTQSLLIVNNATNVVIKVCEFQFCNDPFL
;GVYYHKNNKSWMESEFRVYSSANNCTFEYVSQPFLMDLEGKQGNFKNLREFVFKNIDGYFKIYSKHTPINLVRDLPQGFS
;ALEPLVDLPIGINITRFQTLLALHRSYLTPGDSSSGWTAGAAAYYVGYLQPRTFLLKYNENGTITDAVDCALDPLSETKC
;TLKSFTVEKGIYQTSNFRVQPTESIVRFPNITNLCPFGEVFNATRFASVYAWNRKRISNCVADYSVLYNSASFSTFKCYG
;VSPTKLNDLCFTNVYADSFVIRGDEVRQIAPGQTGKIADYNYKLPDDFTGCVIAWNSNNLDSKVGGNYNYLYRLFRKSNL
;KPFERDISTEIYQAGSTPCNGVEGFNCYFPLQSYGFQPTNGVGYQPYRVVVLSFELLHAPATVCGPKKSTNLVKNKCVNF
;NFNGLTGTGVLTESNKKFLPFQQFGRDIADTTDAVRDPQTLEILDITPCSFGGVSVITPGTNTSNQVAVLYQDVNCTEVP
;VAIHADQLTPTWRVYSTGSNVFQTRAGCLIGAEHVNNSYECDIPIGAGICASYQTQTNSPSGAGSVASQSIIAYTMSLGA
;ENSVAYSNNSIAIPTNFTISVTTEILPVSMTKTSVDCTMYICGDSTECSNLLLQYGSFCTQLNRALTGIAVEQDKNTQEV
;FAQVKQIYKTPPIKDFGGFNFSQILPDPSKPSKRSFIEDLLFNKVTLADAGFIKQYGDCLGDIAARDLICAQKFNGLTVL
;PPLLTDEMIAQYTSALLAGTITSGWTFGAGAALQIPFAMQMAYRFNGIGVTQNVLYENQKLIANQFNSAIGKIQDSLSST
;ASALGKLQDVVNQNAQALNTLVKQLSSNFGAISSVLNDILSRLDPPEAEVQIDRLITGRLQSLQTYVTQQLIRAAEIRAS
;ANLAATKMSECVLGQSKRVDFCGKGYHLMSFPQSAPHGVVFLHVTYVPAQEKNFTTAPAICHDGKAHFPREGVFVSNGTH
;WFVTQRNFYEPQIITTDNTFVSGNCDVVIGIVNNTVYDPLQPELDSFKEELDKYFKNHTSPDVDLGDISGINASVVNIQK
;EIDRLNEVAKNLNESLIDLQELGKYEQYIKGSGRENLYFQGGGGSGYIPEAPRDGQAYVRKDGEWVLLSTFLGHHHHHHH
;H
;
;
3clpro;>6LU7:A|PDBID|CHAIN|SEQUENCE
;SGFRKMAFPSGKVEGCMVQVTCGTTTLNGLWLDDVVYCPRHVICTSEDMLNPNYEDLLIRKSNHNFLVQAGNVQLRVIGH
;SMQNCVLKLKVDTANPKTPKYKFVRIQPGQTFSVLACYNGSPSGVYQCAMRPNFTIKGSFLNGSCGSVGFNIDYDCVSFC
;YMHHMELPTGVHAGTDLEGNFYGPFVDRQTAQAAGTDTTITVNVLAWLYAAVINGDRWFLNRFTTTLNDFNLVAMKYNYE
;PLTQDHVDILGPLSAQTGIAVLDMCASLKELLQNGMNGRTILGSALLEDEFTPFDVVRQCSGVTFQ
;>tr|K4LC41|K4LC41_MERS 3C-like proteinase OS=Human betacoronavirus 2c EMC/2012 OX=1235996 GN=orf1ab PE=1 SV=1
;MSFVAGVTAQGARGTYRAALNSEKHQDHVSLTVPLCGSGNLVEKLSPWFMDGENAYEVVK
;AMLLKKEPLLYVPIRLAGHTRHLPGPRVYLVERLIACENPFMVNQLAYSSSANGSLVGTT
;LQGKPIGMFFPYDIELVTGKQNILLRKYGRGGYHYTPFHYERDNTSCPEWMDDFEADPKG
;KYAQNLLKKLIGGDVTPVDQYMCGVDGKPISAYAFLMAKDGITKLADVEADVAARADDEG
;FITLKNNLYRLVWHVERKDVPYPKQSIFTINSVVQKDGVENTPPHYFTLGCKILTLTPRN
;KWSGVSDLSLKQKLLYTFYGKESLENPTYIYHSAFIECGSCGNDSWLTGNAIQGFACGCG
;ASYTANDVEVQSSGMIKPNALLCATCPFAKGDSCSSNCKHSVAQLVSYLSERCNVIADSK
;SFTLIFGGVAYAYFGCEEGTMYFVPRAKSVVSRIGDSIFTGCTGSWNKVTQIANMFLEQT
;QHSLNFVGEFVVNDVVLAILSGTTTNVDKIRQLLKGVTLDKLRDYLADYDVAVTAGPFMD
;NAINVGGTGLQYAAITAPYVVLTGLGESFKKVATIPYKVCNSVKDTLAYYAHSVLYRVFP
;YDMDSGVSSFSELLFDCVDLSVASTYFLVRILQDKTGDFMSTIITSCQTAVSKLLDTCFE
;ATEATFNFLLDLAGLFRIFLRNAYVYTSQGFVVVNGKVSTLVKQVLDLLNKGMQLLHTKV
;SWAGSKIIAVIYSGRESLIFPSGTYYCVTTKAKSVQQDLDVILPGEFSKKQLGLLQPTDN
;STTVSVTVSSNMVETVVGQLEQTNMHSPDVIVGDYVIISEKLFVRSKEEDGFAFYPACTN
;GHAVPTLFRLKGGAPVKKVAFGGDQVHEVAAVRSVTVEYNIHAVLDTLLASSSLRTFVVD
;KSLSIEEFADVVKEQVSDLLVKLLRGMPIPDFDLDDFIDAPCYCFNAEGDASWSSTMIFS
;LHPVECDEECSEVEASDLEEGESECISETSTEQVDVSHETSDDEWAAAVDEAFPLDEAED
;VTESVQEEAQPVEVPVEDIAQVVIADTLQETPVVPDTVEVPPQVVKLPSAPQTIQPEVKE
;VAPVYEADTEQTQNVTVKPKRLRKKRNVDPLSNFEHKVITECVTIVLGDAIQVAKCYGES
;VLVNAANTHLKHGGGIAGAINAASKGAVQKESDEYILAKGPLQVGDSVLLQGHSLAKNIL
;HVVGPDARAKQDVSLLSKCYKAMNAYPLVVTPLVSAGIFGVKPAVSFDYLIREAKTRVLV
;VVNSQDVYKSLTIVDIPQSLTFSYDGLRGAIRKAKDYGFTVFVCTDNSANTKVLRNKGVD
;YTKKFLTVDGVQYYCYTSKDTLDDILQQANKSVGIISMPLGYVSHGLDLMQAGSVVRRVN
;VPYVCLLANKEQEAILMSEDVKLNPSEDFIKHVRTNGGYNSWHLVEGELLVQDLRLNKLL
;HWSDQTICYKDSVFYVVKNSTAFPFETLSACRAYLDSRTTQQLTIEVLVTVDGVNFRTVV
;LNNKNTYRSQLGCVFFNGADISDTIPDEKQNGHSLYLADNLTADETKALKELYGPVDPTF
;LHRFYSLKAAVHGWKMVVCDKVRSLKLSDNNCYLNAVIMTLDLLKDIKFVIPALQHAFMK
;HKGGDSTDFIALIMAYGNCTFGAPDDASRLLHTVLAKAELCCSARMVWREWCNVCGIKDV
;VLQGLKACCYVGVQTVEDLRARMTYVCQCGGERHRQLVEHTTPWLLLSGTPNEKLVTTST
;APDFVAFNVFQGIETAVGHYVHARLKGGLILKFDSGTVSKTSDWKCKVTDVLFPGQKYSS
;DCNVVRYSLDGNFRTEVDPDLSAFYVKDGKYFTSEPPVTYSPATILAGSVYTNSCLVSSD
;GQPGGDAISLSFNNLLGFDSSKPVTKKYTYSFLPKEDGDVLLAEFDTYDPIYKNGAMYKG
;KPILWVNKASYDTNLNKFNRASLRQIFDVAPIELENKFTPLSVESTPVEPPTVDVVALQQ
;EMTIVKCKGLNKPFVKDNVSFVADDSGTPVVEYLSKEDLHTLYVDPKYQVIVLKDNVLSS
;MLRLHTVESGDINVVAASGSLTRKVKLLFRASFYFKEFATRTFTATTAVGSCIKSVVRHL
;GVTKGILTGCFSFAKMLFMLPLAYFSDSKLGTTEVKVSALKTAGVVTGNVVKQCCTAAVD
;LSMDKLRRVDWKSTLRLLLMLCTTMVLLSSVYHLYVFNQVLSSDVMFEDAQGLKKFYKEV
;RAYLGISSACDGLASAYRANSFDVPTFCANRSAMCNWCLISQDSITHYPALKMVQTHLSH
;YVLNIDWLWFAFETGLAYMLYTSAFNWLLLAGTLHYFFAQTSIFVDWRSYNYAVSSAFWL
;FTHIPMAGLVRMYNLLACLWLLRKFYQHVINGCKDTACLLCYKRNRLTRVEASTVVCGGK
;RTFYITANGGISFCRRHNWNCVDCDTAGVGNTFICEEVANDLTTALRRPINATDRSHYYV
;DSVTVKETVVQFNYRRDGQPFYERFPLCAFTNLDKLKFKEVCKTTTGIPEYNFIIYDSSD
;RGQESLARSACVYYSQVLCKSILLVDSSLVTSVGDSSEIATKMFDSFVNSFVSLYNVTRD
;KLEKLISTARDGVRRGDNFHSVLTTFIDAARGPAGVESDVETNEIVDSVQYAHKHDIQIT
;NESYNNYVPSYVKPDSVSTSDLGSLIDCNAASVNQIVLRNSNGACIWNAAAYMKLSDALK
;RQIRIACRKCNLAFRLTTSKLRANDNILSVRFTANKIVGGAPTWFNALRDFTLKGYVLAT
;IIVFLCAVLMYLCLPTFSMAPVEFYEDRILDFKVLDNGIIRDVNPDDKCFANKHRSFTQW
;YHEHVGGVYDNSITCPLTVAVIAGVAGARIPDVPTTLAWVNNQIIFFVSRVFANTGSVCY
;TPIDEIPYKSFSDSGCILPSECTMFRDAEGRMTPYCHDPTVLPGAFAYSQMRPHVRYDLY
;DGNMFIKFPEVVFESTLRITRTLSTQYCRFGSCEYAQEGVCITTNGSWAIFNDHHLNRPG
;VYCGSDFIDIVRRLAVSLFQPITYFQLTTSLVLGIGLCAFLTLLFYYINKVKRAFADYTQ
;CAVIAVVAAVLNSLCICFVTSIPLCIVPYTALYYYATFYFTNEPAFIMHVSWYIMFGPIV
;PIWMTCVYTVAMCFRHFFWVLAYFSKKHVEVFTDGKLNCSFQDAASNIFVINKDTYAALR
;NSLTNDAYSRFLGLFNKYKYFSGAMETAAYREAAACHLAKALQTYSETGSDLLYQPPNCS
;ITSGVLQSGLVKMSHPSGDVEACMVQVTCGSMTLNGLWLDNTVWCPRHVMCPADQLSDPN
;YDALLISMTNHSFSVQKHIGAPANLRVVGHAMQGTLLKLTVDVANPSTPAYTFTTVKPGA
;AFSVLACYNGRPTGTFTVVMRPNYTIKGSFLCGSCGSVGYTKEGSVINFCYMHQMELANG
;THTGSAFDGTMYGAFMDKQVHQVQLTDKYCSVNVVAWLYAAILNGCAWFVKPNRTSVVSF
;NEWALANQFTEFVGTQSVDMLAVKTGVAIEQLLYAIQQLYTGFQGKQILGSTMLEDEFTP
;EDVNMQIMGVVMQSGVRKVTYGTAHWLFATLVSTYVIILQATKFTLWNYLFETIPTQLFP
;LLFVTMAFVMLLVKHKHTFLTLFLLPVAICLTYANIVYEPTTPISSALIAVANWLAPTNA
;YMRTTHTDIGVYISMSLVLVIVVKRLYNPSLSNFALALCSGVMWLYTYSIGEASSPIAYL
;VFVTTLTSDYTITVFVTVNLAKVCTYAIFAYSPQLTLVFPEVKMILLLYTCLGFMCTCYF
;GVFSLLNLKLRAPMGVYDFKVSTQEFRFMTANNLTAPRNSWEAMALNFKLIGIGGTPCIK
;VAAMQSKLTDLKCTSVVLLSVLQQLHLEANSRAWAFCVKCHNDILAATDPSEAFEKFVSL
;FATLMTFSGNVDLDALASDIFDTPSVLQATLSEFSHLATFAELEAAQKAYQEAMDSGDTS
;PQVLKALQKAVNIAKNAYEKDKAVARKLERMADQAMTSMYKQARAEDKKAKIVSAMQTML
;FGMIKKLDNDVLNGIISNARNGCIPLSVIPLCASNKLRVVIPDFTVWNQVVTYPSLNYAG
;ALWDITVINNVDNEIVKSSDVVDSNENLTWPLVLECTRASTSAVKLQNNEIKPSGLKTMV
;VSAGQEQTNCNTSSLAYYEPVQGRKMLMALLSDNAYLKWARVEGKDGFVSVELQPPCKFL
;IAGPKGPEIRYLYFVKNLNNLHRGQVLGHIAATVRLQAGSNTEFASNSSVLSLVNFTVDP
;QKAYLDFVNAGGAPLTNCVKMLTPKTGTGIAISVKPESTADQETYGGASVCLYCRAHIEH
;PDVSGVCKYKGKFVQIPAQCVRDPVGFCLSNTPCNVCQYWIGYGCNCDSLRQAALPQSKD
;SNFLNESGVLL
